{
  "title": "Mechanical Sensors for Ultraheavy Dark Matter Searches via Long-range Forces",
  "authors": [
    "Juehang Qin",
    "Dorian W. P. Amaral",
    "Sunil A. Bhave",
    "Erqian Cai",
    "Daniel Carney",
    "Rafael F. Lang",
    "Shengchao Li",
    "Alberto M. Marino",
    "Claire Marvinney",
    "Jared R. Newton",
    "Jacob M. Taylor",
    "Christopher Tunnell"
  ],
  "summary": "Dark matter candidates with masses around the Planck-scale are theoretically\nwell-motivated, and it has been suggested that it might be possible to search\nfor dark matter solely via gravitational interactions in this mass range. In\nthis work, we explore the pathway towards searching for dark matter candidates\nwith masses around the Planck-scale using mechanical sensors while considering\nrealistic experimental constraints, and develop analysis techniques needed to\nconduct such searches. These dark matter particles are expected to leave tracks\nas their signature in mechanical sensor arrays, and we show that we can\neffectively search for such tracks using statistical approaches to\ntrack-finding. We analyze a range of possible experimental setups and compute\nsensitivity projections for searches for ultraheavy dark matter coupling to the\nStandard Model via long-range forces. We find that while a search for\nPlanck-scale dark matter purely via gravitational couplings would be\nexceedingly difficult, requiring $>70\\,\\mathrm{dB}$ of quantum noise reduction\nwith a $100^3$ array of devices, there is a wide range of currently unexplored\ndark matter candidates which can be searched for with already existing or\nnear-term experimental platforms.",
  "published": "2025-03-14T17:59:03+00:00",
  "updated": "2025-03-14T17:59:03+00:00",
  "pdf_url": "http://arxiv.org/pdf/2503.11645v1",
  "entry_id": "http://arxiv.org/abs/2503.11645v1",
  "doi": null,
  "categories": [
    "hep-ph",
    "hep-ex",
    "quant-ph"
  ],
  "summary_generated": "A dark matter track going through the array is shown in green. 2 and Fig. We consider quantum and thermal noise as the domi- nant sources of measurement noise. The scaling of the sensitivity 30 40 50 60 70 80 90 Quantum noise reduction, (dB) 100101102Coupling strength per nucleus, \u00d71017 Gravitational coupling1/ FIG. The coupling strength ( \u03b1) where the probability of a dark matter track above threshold exceeds 90%, as a function of the amount of quantum noise reduction ( \u03be)."